name,pred_rating,weakness,pos_x,pos_y,training_recommendations
Borna Sosa,5.310021412522513,"['SoTA', 'PrgC', 'PrgR']",3.0683786203820835,3.0399567271522514,"### Training Recommendations

1. **Improve SoTA (Successful Open Play Passes into the Attacking Third):**
   - **Recommendation:** Conduct targeted passing drills focusing on accuracy and decision-making under pressure. Set up scenarios where Borna Sosa receives the ball in the midfield and must quickly identify and execute passes into the attacking third. Use small-sided games to simulate match conditions, emphasizing quick transitions and maintaining possession under pressure. This will enhance his ability to contribute to the team's attacking buildup and increase goal-scoring opportunities.

2. **Enhance PrgC (Progressive Carries):**
   - **Recommendation:** Implement dribbling and ball-carrying exercises that emphasize maintaining control while advancing the ball upfield. Use cone drills to improve agility and close control, and incorporate opposition players to simulate defensive pressure. Encourage Sosa to practice carrying the ball from the defensive third into the midfield and beyond, focusing on maintaining speed and composure. This will help him break lines and create space for forwards, boosting the team's attacking dynamics.

3. **Boost PrgR (Progressive Passes Received):**
   - **Recommendation:** Develop off-the-ball movement training to improve Sosa's positioning and anticipation. Use video analysis to identify optimal positions for receiving progressive passes and conduct shadow play sessions to practice these movements. Encourage Sosa to work on his spatial awareness and timing to ensure he is available to receive passes in advanced positions. This will facilitate smoother transitions and increase the team's ability to penetrate defensive lines, enhancing goal-scoring potential."
Chris Richards,5.453818317051222,"['GA_inv', 'Tkl+Int', 'SoTA']",3.0683786203820835,3.0399567271522514,"### Training Recommendations

1. **Improve Defensive Awareness and Positioning (GA_inv):**
   - **Recommendation:** Conduct targeted defensive drills focusing on spatial awareness and positioning. Use video analysis sessions to review game footage, highlighting moments where Chris Richards' positioning led to goal-scoring opportunities for the opposition. Implement small-sided games where Richards must maintain defensive shape and cover spaces effectively, simulating match scenarios where he needs to anticipate and intercept passes.
   - **Reasoning:** As a defender, Richards' ability to prevent goals is crucial. Improving his awareness and positioning will help reduce the number of goals against (GA_inv), directly impacting the team's defensive solidity and indirectly supporting the team's goal-scoring by maintaining possession and initiating counter-attacks.

2. **Enhance Tackling and Interception Skills (Tkl+Int):**
   - **Recommendation:** Integrate tackling and interception drills into Richards' training routine. Use exercises that simulate 1v1 and 2v2 defensive situations, emphasizing timing and decision-making. Incorporate reaction-based drills where Richards must quickly decide whether to tackle or intercept based on the opponent's movements.
   - **Reasoning:** By improving his tackling and interception skills, Richards can disrupt the opposition's play more effectively, regain possession, and initiate quick transitions. This not only strengthens the team's defensive capabilities but also provides more opportunities for the team to launch attacks, thereby enhancing goal-scoring potential.

3. **Refine Shot-Stopping and Aerial Duels (SoTA):**
   - **Recommendation:** Although primarily a defender, Richards should work on his ability to contest aerial duels and clearances in defensive set-piece situations. Conduct aerial duel training sessions where he practices timing his jumps and using his body effectively to win headers. Additionally, focus on improving his shot-blocking techniques during defensive drills.
   - **Reasoning:** Improving Richards' effectiveness in aerial duels and shot-stopping (SoTA) will reduce the number of shots on target against the team. This contributes to a more robust defense, allowing the team to maintain a higher line and press more aggressively, ultimately creating more goal-scoring opportunities for the team."
Daichi Kamada,5.039975075350935,"['SoTA', 'Att', 'Mis_inv']",3.0683786203820835,3.0399567271522514,"### Training Recommendations

1. **Improve SoTA (Shots on Target Accuracy):**  
   *Recommendation:* Conduct focused shooting drills that emphasize precision and composure under pressure. Set up scenarios where Daichi Kamada receives the ball in various positions around the penalty area and must quickly decide and execute a shot on target. Use video analysis to review his technique and decision-making, providing feedback on body positioning and follow-through. This will help increase his shot accuracy, directly contributing to more goal-scoring opportunities for the team.

2. **Enhance Att (Attacking Positioning):**  
   *Recommendation:* Implement tactical sessions that focus on movement off the ball and spatial awareness. Use small-sided games to simulate match conditions where Kamada must find and exploit spaces between the opposition's defensive lines. Encourage him to make intelligent runs that create passing lanes and goal-scoring opportunities. This will improve his ability to be in the right place at the right time, increasing the team's attacking threat.

3. **Reduce Mis_inv (Misplaced Involvements):**  
   *Recommendation:* Conduct passing and decision-making drills that emphasize quick thinking and accuracy. Use rondo exercises to improve his ability to maintain possession under pressure and make the right pass. Incorporate situational drills where Kamada must choose the best option between passing, dribbling, or shooting. This will help reduce turnovers and improve the team's ability to sustain attacks, leading to more consistent goal-scoring chances."
Daniel Muñoz,5.295477358255341,"['Clr', 'SoTA', 'Blocks']",3.0683786203820835,3.0399567271522514,"### Training Recommendations

1. **Improve Clearance Technique (Clr):**  
   Daniel Muñoz's struggles with clearances can lead to defensive vulnerabilities, allowing opponents to maintain pressure and potentially score. To address this, implement a training regimen focused on improving his timing and decision-making during clearances. This can include drills that simulate high-pressure situations where he must quickly decide whether to clear the ball with his head or feet. Additionally, practicing different types of clearances (e.g., long, short, and directional) will enhance his ability to relieve pressure effectively and transition the team from defense to attack.

2. **Enhance Shot on Target Accuracy (SoTA):**  
   As a defender, Daniel's ability to contribute to goal-scoring opportunities, especially during set-pieces, can be crucial. To improve his shot accuracy, incorporate shooting drills that focus on precision and composure under pressure. This can involve practicing shots from various angles and distances, using both feet, and simulating match scenarios where he must quickly adjust his body position to get a shot on target. Emphasizing the importance of body balance and follow-through will help him convert more chances during offensive plays.

3. **Increase Blocking Efficiency (Blocks):**  
   Effective blocking is essential for a defender to prevent shots on goal. To enhance Daniel's blocking skills, introduce exercises that improve his anticipation and reaction time. This can include one-on-one defensive drills where he must read the attacker's movements and position himself to block shots effectively. Additionally, incorporating agility and quick reflex training will help him react faster to opponents' attempts, reducing the likelihood of conceding goals. Emphasizing the importance of maintaining a low center of gravity and using his body effectively will also contribute to better blocking performance."
Eberechi Eze,5.215446620389342,"['Sh', 'PrgC', 'Tkld%']",3.0683786203820835,3.0399567271522514,"### Training Recommendations

1. **Shooting (Sh) Improvement:**
   - **Recommendation:** Implement a focused shooting drill that emphasizes accuracy and decision-making under pressure. This could involve setting up scenarios where Eze receives the ball at the edge of the box with limited time to shoot, simulating match conditions. Incorporate varied shooting angles and defensive pressure to enhance his ability to convert chances into goals.
   - **Reasoning:** As an attacking midfielder, Eze's ability to score from distance or in tight spaces can significantly impact the team's goal-scoring potential. Improving his shooting accuracy and decision-making will increase his threat in the final third.

2. **Progressive Carries (PrgC) Enhancement:**
   - **Recommendation:** Conduct dribbling and ball-carrying sessions that focus on maintaining control while advancing the ball through midfield. Use cone drills and small-sided games to simulate opposition pressure, encouraging Eze to make quick decisions and progress the ball effectively.
   - **Reasoning:** Enhancing Eze's ability to carry the ball forward will help transition play from defense to attack, creating more goal-scoring opportunities for the team. This skill is crucial for breaking lines and disrupting defensive setups.

3. **Tackled Percentage (Tkld%) Improvement:**
   - **Recommendation:** Integrate defensive positioning and tackling exercises into Eze's training routine. Focus on one-on-one defensive scenarios where he learns to anticipate opponents' movements and improve his tackling technique. Emphasize body positioning and timing to increase his success rate in regaining possession.
   - **Reasoning:** As a midfielder, Eze's ability to win back possession and disrupt opposition play is vital. Improving his tackling efficiency will not only enhance his defensive contributions but also provide more opportunities for the team to regain control and launch counter-attacks."
Eddie Nketiah,5.022978930273736,"['GA_inv', 'TklW', 'Blocks']",3.0683786203820835,3.0399567271522514,"### Training Recommendations

1. **Improve Goal Attempts Involvement (GA_inv):**
   - **Recommendation:** Conduct targeted finishing drills that simulate match scenarios, focusing on quick decision-making and shot accuracy. This can include one-touch finishing exercises and small-sided games where Eddie is encouraged to take more shots on goal. The aim is to increase his involvement in goal attempts, thereby enhancing his contribution to the team's goal-scoring opportunities.
   - **Reasoning:** As a forward, Eddie's ability to be involved in goal attempts is crucial. By increasing his confidence and proficiency in front of goal, he can become a more consistent threat, helping to convert more chances into goals.

2. **Enhance Tackling Success (TklW):**
   - **Recommendation:** Implement defensive transition drills that emphasize tackling technique and timing. These drills should include 1v1 defensive scenarios where Eddie practices closing down opponents quickly and effectively winning the ball back. Incorporating these exercises into training will help him improve his tackling success rate.
   - **Reasoning:** Although primarily an attacker, modern forwards are expected to contribute defensively. Improving his tackling can help regain possession higher up the pitch, leading to more goal-scoring opportunities for the team.

3. **Increase Defensive Blocks:**
   - **Recommendation:** Integrate defensive positioning sessions into training, focusing on reading the game and anticipating opponents' passes or shots. Eddie should practice positioning himself to intercept or block the ball during defensive phases, particularly when the team is under pressure.
   - **Reasoning:** By enhancing his ability to make blocks, Eddie can disrupt the opposition's play and initiate counter-attacks, providing additional goal-scoring chances for his team. This skill is particularly valuable in high-pressing systems where forwards are the first line of defense."
Ismaila Sarr,5.050832425257168,"['Pass', 'GA_inv', 'Sh']",3.0683786203820835,3.0399567271522514,"### Training Recommendations

1. **Passing Improvement through Targeted Drills**  
   - **Recommendation**: Implement short and long passing drills that focus on accuracy and decision-making under pressure. Use small-sided games to simulate match conditions where Ismaila Sarr must quickly decide and execute passes. Incorporate drills that require him to pass through tight spaces and to moving targets, enhancing his ability to maintain possession and create goal-scoring opportunities.
   - **Reasoning**: As a forward, Sarr's ability to link up play and provide key passes is crucial for creating scoring chances. Improving his passing will help in building attacks more effectively and maintaining offensive momentum.

2. **Goal-Assists Involvement (GA_inv) Enhancement through Positioning and Vision Training**  
   - **Recommendation**: Conduct sessions focused on off-the-ball movement and spatial awareness. Use video analysis to review positioning during attacking phases and identify areas for improvement. Incorporate exercises that simulate game scenarios where Sarr must anticipate play developments and position himself to either receive the ball in dangerous areas or provide assists.
   - **Reasoning**: Enhancing his involvement in goals and assists will directly contribute to the team's scoring potential. By improving his positioning and vision, Sarr can become more influential in the final third, increasing his contributions to goals.

3. **Shooting (Sh) Accuracy and Technique Refinement**  
   - **Recommendation**: Focus on shooting drills that emphasize technique, composure, and shot selection. Use varied shooting scenarios, such as one-on-ones, volleys, and shots from different angles and distances. Encourage Sarr to practice with both feet to increase his versatility and unpredictability in front of goal.
   - **Reasoning**: As a forward, Sarr's ability to convert chances is vital. By refining his shooting skills, he can increase his goal tally, directly impacting the team's overall goal-scoring performance."
Jean-Philippe Mateta,5.220231282035982,"['Pass', 'GA_inv', 'Tkl%']",3.0683786203820835,3.0399567271522514,"### Training Recommendations

1. **Passing Drills with a Focus on Decision-Making and Accuracy**  
   - **Actionable Steps**: Implement small-sided games and rondo exercises that emphasize quick decision-making and accurate passing under pressure. Use drills that simulate match scenarios where Mateta must choose between short, medium, and long passes, enhancing his ability to maintain possession and create goal-scoring opportunities.
   - **Reasoning**: As a forward, Mateta's ability to link up play and provide key passes is crucial for creating scoring chances. Improving his passing will help in maintaining attacking momentum and setting up teammates in better positions to score.

2. **Positioning and Movement Training to Improve Goal Attempts (GA_inv)**  
   - **Actionable Steps**: Conduct off-the-ball movement drills that focus on positioning in the final third. Use video analysis to identify optimal positioning during attacking phases and practice runs that exploit defensive gaps. Incorporate finishing drills that start with Mateta receiving the ball in these positions.
   - **Reasoning**: Enhancing his positioning will increase his involvement in goal attempts, allowing him to be more frequently in scoring positions. This will directly contribute to the team's goal-scoring potential by increasing the number of quality chances.

3. **Tackling and Defensive Pressure Exercises**  
   - **Actionable Steps**: Integrate defensive drills that focus on improving tackling technique and timing. Use 1v1 defensive scenarios where Mateta must win the ball back quickly, and transition into attack. Emphasize the importance of pressing from the front to disrupt opposition build-up play.
   - **Reasoning**: Although primarily an attacking player, improving Mateta's tackling percentage will enhance his ability to regain possession high up the pitch, creating immediate goal-scoring opportunities and contributing to the team's overall defensive solidity."
Jefferson Lerma,5.057608142594418,"['SoTA', 'Tkl%', 'Blocks']",3.0683786203820835,3.0399567271522514,"### Training Recommendations

1. **Improve SoTA (Shots on Target Accuracy):**
   - **Recommendation:** Implement targeted shooting drills that focus on precision and accuracy under pressure. Set up scenarios where Lerma receives the ball at the edge of the box and must quickly decide and execute a shot on target. Use small goals or target zones within the goal to encourage precision. This will help improve his ability to contribute to goal-scoring opportunities by increasing the likelihood of his shots being on target, thus enhancing the team's offensive threat.

2. **Enhance Tkl% (Tackle Success Percentage):**
   - **Recommendation:** Conduct defensive positioning and tackling drills that emphasize timing and technique. Use one-on-one defensive scenarios where Lerma must anticipate the opponent's movement and execute clean tackles. Incorporate video analysis sessions to review successful tackles and identify areas for improvement. By increasing his tackle success rate, Lerma can disrupt opposition plays more effectively, regain possession, and initiate counter-attacks, indirectly supporting the team's goal-scoring efforts.

3. **Increase Blocks:**
   - **Recommendation:** Focus on defensive awareness and positioning exercises. Set up drills where Lerma must read the game and position himself to block shots or passes effectively. Use game-like scenarios where he must anticipate the opponent's actions and react quickly to intercept or block. Improving his ability to block will reduce the opposition's scoring chances and provide more opportunities for his team to transition from defense to attack, thereby supporting goal-scoring opportunities."
Jesurun Rak Sakyi,5.427805303653146,"['Sh', 'Dis', 'Tkl%']",3.0683786203820835,3.0399567271522514,"### Training Recommendations

1. **Shooting (Sh) Improvement:**
   - **Recommendation:** Implement a focused shooting drill that emphasizes accuracy and composure under pressure. This could involve setting up scenarios where Jesurun receives the ball in various positions around the penalty area and must quickly decide and execute a shot on target. Incorporate defenders to simulate match conditions and increase the difficulty gradually.
   - **Reasoning:** As a forward, Jesurun's ability to convert chances into goals is crucial. Improving his shooting accuracy and decision-making in front of goal will directly enhance his goal-scoring potential and, consequently, the team's overall performance.

2. **Discipline (Dis) Enhancement:**
   - **Recommendation:** Conduct sessions on game awareness and decision-making to reduce unnecessary fouls and improve discipline. Use video analysis to review past matches, highlighting moments where Jesurun's decisions led to fouls or disciplinary issues. Follow this with situational drills that encourage maintaining composure and making smarter challenges.
   - **Reasoning:** High discipline is essential for maintaining team structure and avoiding conceding free-kicks in dangerous areas. By reducing fouls and improving decision-making, Jesurun can contribute more effectively to the team's defensive efforts and maintain possession.

3. **Tackling Percentage (Tkl%) Improvement:**
   - **Recommendation:** Engage Jesurun in defensive drills that focus on timing and technique in tackling. This could include one-on-one defensive scenarios where he practices jockeying and timing his tackles against attacking players. Emphasize the importance of positioning and anticipation to improve his success rate in winning the ball.
   - **Reasoning:** Although primarily a forward, improving tackling can aid in pressing high up the pitch, disrupting the opposition's build-up play, and regaining possession in advanced areas. This can lead to more goal-scoring opportunities for the team."
Marc Guéhi,5.37197529281102,"['Blocks', 'Clr', 'Tkl+Int']",3.0683786203820835,3.0399567271522514,"### Training Recommendations

1. **Enhance Blocking Technique:**
   - **Recommendation:** Conduct specialized defensive drills focusing on improving blocking techniques. Use small-sided games where Marc Guéhi is tasked with blocking shots from various angles and distances. Incorporate video analysis sessions to review successful blocks by top defenders, emphasizing body positioning and timing.
   - **Reasoning:** Improving blocking skills will help Marc Guéhi reduce the number of shots reaching the goalkeeper, thereby limiting goal-scoring opportunities for the opposition. This is crucial for a center-back whose primary role is to protect the goal.

2. **Improve Clearance Efficiency:**
   - **Recommendation:** Implement targeted training sessions that focus on clearing the ball under pressure. Use scenarios where Marc Guéhi must clear crosses and long balls while being pressed by attackers. Emphasize the importance of direction and distance in clearances to transition from defense to attack effectively.
   - **Reasoning:** Effective clearances can alleviate pressure on the defense and initiate counter-attacks, contributing to the team's goal-scoring potential by quickly transitioning from defense to offense.

3. **Refine Tackling and Interception Skills:**
   - **Recommendation:** Organize drills that simulate match situations requiring quick decision-making for tackles and interceptions. Use exercises that involve reading the opponent's movements and anticipating passes. Encourage Marc Guéhi to work on timing and positioning to increase his success rate in winning the ball back.
   - **Reasoning:** By improving his tackling and interception abilities, Marc Guéhi can disrupt the opposition's play more effectively, regain possession, and potentially create goal-scoring opportunities for his team through quick turnovers."
Maxence Lacroix,5.422112850934157,"['Blocks', 'Clr', 'Tkl+Int']",3.0683786203820835,3.0399567271522514,"### Training Recommendations

1. **Enhance Blocking Technique through Positional Drills**:  
   Maxence Lacroix's ability to block shots and passes is crucial for preventing goal-scoring opportunities. To improve this, incorporate drills that simulate various attacking scenarios where he must anticipate and block shots or passes. Use video analysis to identify common patterns in opponents' play and practice positioning and timing to effectively block these attempts. This will help reduce the number of shots reaching the goalkeeper, thereby limiting the opposition's scoring chances.

2. **Improve Clearance Decision-Making with Pressure Situations**:  
   Lacroix's clearance (Clr) ability can be optimized by training under pressure. Set up drills where he is required to clear the ball under simulated match pressure, focusing on both distance and accuracy. Introduce scenarios where he must decide between clearing the ball or playing a short pass to maintain possession. This will help in reducing turnovers and maintaining team structure, indirectly supporting the team's offensive play by ensuring the ball is cleared effectively and possession is retained when possible.

3. **Refine Tackling and Interception Skills through Reactive Drills**:  
   Tackling and interceptions (Tkl+Int) are vital for breaking up opposition play and initiating counter-attacks. Conduct reactive drills that emphasize quick decision-making and agility, such as 1v1 defensive scenarios and small-sided games where Lacroix must intercept passes or tackle opponents. Focus on improving his timing and positioning to increase the success rate of tackles and interceptions. This will help in regaining possession more frequently, providing more opportunities for the team to transition into attack and create goal-scoring chances."
Nathaniel Clyne,5.602259203085165,"['TklW', 'Clr', 'Err_inv']",3.0683786203820835,3.0399567271522514,"### Training Recommendations

1. **Tackle Winning (TklW) Improvement:**
   - **Recommendation:** Implement targeted defensive drills focusing on timing and positioning for tackles. Use small-sided games where Nathaniel is required to intercept and tackle in high-pressure situations. This will help him improve his decision-making and timing when engaging opponents, reducing missed tackles that could lead to goal-scoring opportunities for the opposition.
   - **Reasoning:** As a defender, winning tackles is crucial to breaking up opposition attacks and regaining possession. Improving tackle success will help the team maintain defensive solidity and transition more effectively into attack.

2. **Clearance (Clr) Enhancement:**
   - **Recommendation:** Conduct practice sessions that simulate in-game scenarios where Nathaniel must clear the ball under pressure. Use drills that emphasize both foot and head clearances, focusing on distance and accuracy. Incorporate video analysis to review his technique and decision-making during these scenarios.
   - **Reasoning:** Effective clearances are vital for relieving pressure on the defense and preventing second-chance opportunities for the opposition. By improving his clearance ability, Nathaniel can help the team maintain a solid defensive line and reduce the risk of conceding goals.

3. **Error Involvement (Err_inv) Reduction:**
   - **Recommendation:** Introduce cognitive training exercises that enhance Nathaniel's concentration and decision-making under pressure. Use match simulations where he must make quick decisions in high-stakes situations, combined with feedback sessions to analyze and learn from any mistakes.
   - **Reasoning:** Reducing errors is critical for maintaining defensive stability. By improving his mental sharpness and decision-making, Nathaniel can minimize costly mistakes that could lead to goal-scoring opportunities for the opposition, thereby enhancing the team's overall defensive performance."
Odsonne Édouard,5.72949768281543,"['Clr', 'Err_inv', 'Tkl+Int']",3.0683786203820835,3.0399567271522514,"### Training Recommendations

1. **Improve Clearance (Clr) Efficiency:**
   - **Recommendation:** Conduct targeted drills focusing on defensive clearances under pressure. Set up scenarios where Odsonne Édouard receives the ball in defensive positions and must clear it effectively while being pressed by opponents. Use both feet and various body parts to ensure versatility. This will help reduce turnovers in dangerous areas, indirectly supporting the team's goal-scoring by maintaining possession and transitioning quickly to attack.

2. **Reduce Errors in Involvement (Err_inv):**
   - **Recommendation:** Implement decision-making exercises that simulate match conditions, emphasizing quick and accurate passing choices. Use small-sided games to increase the frequency of decision-making opportunities, encouraging Odsonne to make the right pass or movement under pressure. This will enhance his involvement in build-up play, leading to more effective transitions and goal-scoring opportunities for the team.

3. **Enhance Tackling and Interceptions (Tkl+Int):**
   - **Recommendation:** Focus on defensive positioning and anticipation drills. Use video analysis to identify positioning errors and conduct practice sessions that emphasize reading the game and intercepting passes. Pair these with tackling technique sessions to improve his ability to win the ball cleanly. By enhancing these skills, Odsonne can disrupt opposition attacks more effectively, allowing the team to regain possession and launch counter-attacks, increasing goal-scoring chances."
Remi Matthews,5.286853895367136,"['Blocks', 'SoTA', 'Tkl%']",3.0683786203820835,3.0399567271522514,"### Training Recommendations

1. **Improve Blocking Technique:**
   - **Recommendation:** Conduct specialized training sessions focusing on improving Remi Matthews' blocking technique. This should include drills that simulate various in-game scenarios where blocking is crucial, such as one-on-one situations and close-range shots. Use video analysis to identify common mistakes and correct positioning and timing. 
   - **Reasoning:** As a goalkeeper, effective blocking is essential to prevent goals. Enhancing this skill will directly contribute to reducing the number of goals conceded, thereby improving the team's overall defensive performance.

2. **Enhance Save on Target Ability (SoTA):**
   - **Recommendation:** Implement targeted shot-stopping drills that focus on improving Matthews' reaction time and agility. Use a variety of shooting drills that replicate match conditions, including shots from different angles and distances. Incorporate technology like reaction lights to improve reflexes and decision-making under pressure.
   - **Reasoning:** Improving SoTA will increase Matthews' ability to save shots that are on target, directly impacting the team's ability to maintain clean sheets and reduce the opposition's goal-scoring opportunities.

3. **Increase Tackle Success Percentage (Tkl%):**
   - **Recommendation:** Although primarily a goalkeeper, Matthews can benefit from improving his tackling skills, especially in situations where he needs to challenge attackers outside the penalty area. Conduct drills that focus on timing and precision in tackling, using small-sided games to simulate real match scenarios where he might need to engage in tackles.
   - **Reasoning:** While tackling is not a primary skill for goalkeepers, improving this aspect can be crucial during sweeper-keeper situations or when dealing with through balls. A higher tackle success rate can prevent dangerous situations from developing, thus supporting the team's defensive solidity."
Tyrick Mitchell,5.332675330394536,"['Tkl+Int', 'SoTA', 'TklW']",3.0683786203820835,3.0399567271522514,"### Training Recommendations

1. **Enhance Tackling and Interception Skills (Tkl+Int):**  
   *Recommendation:* Implement targeted defensive drills focusing on timing and positioning for tackles and interceptions. Use small-sided games where Tyrick is tasked with breaking up play and regaining possession. This will improve his ability to disrupt opposition attacks, thereby reducing the pressure on the defense and potentially leading to more counter-attacking opportunities for the team.

2. **Improve Shots on Target Allowed (SoTA):**  
   *Recommendation:* Conduct defensive shape and awareness sessions. Focus on maintaining a compact defensive line and improving spatial awareness to close down shooting angles. Use video analysis to identify positioning errors and simulate scenarios in training where Tyrick must quickly adjust his positioning to block or challenge shots. This will help reduce the number of shots on target allowed, indirectly supporting the team's goal-scoring by maintaining a stronger defensive foundation.

3. **Increase Tackles Won (TklW):**  
   *Recommendation:* Develop strength and agility through gym sessions and agility ladder drills to enhance physicality and quickness in duels. Pair this with one-on-one defensive drills where Tyrick practices winning tackles against various types of attackers. This will increase his success rate in tackles, leading to more regained possessions and potentially more attacking opportunities for the team."
Will Hughes,5.070408284724944,"['SoTA', 'Blocks', 'Tkl%']",3.0683786203820835,3.0399567271522514,"### Training Recommendations

1. **Improve SoTA (Shots on Target Accuracy):**
   - **Recommendation:** Conduct targeted shooting drills focusing on accuracy under pressure. Set up scenarios where Will Hughes receives the ball at the edge of the box and must quickly decide and execute a shot on target. Use small goals or target zones within the goal to encourage precision. This will help improve his ability to contribute to goal-scoring opportunities by increasing the likelihood of shots being on target, thus enhancing the team's offensive threat.

2. **Enhance Blocking Ability:**
   - **Recommendation:** Implement defensive positioning drills that emphasize anticipation and reaction time. Use video analysis to identify common attacking patterns from opponents and simulate these in training. Encourage Hughes to practice positioning himself effectively to intercept or block shots and passes. This will help reduce the opposition's goal-scoring chances, indirectly supporting the team's overall goal-scoring performance by maintaining possession and initiating counter-attacks.

3. **Increase Tackle Success Percentage (Tkl%):**
   - **Recommendation:** Focus on one-on-one defensive drills that improve tackling technique and decision-making. Use controlled environments where Hughes faces attackers in various scenarios, such as open play and tight spaces. Emphasize timing and body positioning to increase tackle success. By improving his tackling efficiency, Hughes can disrupt opposition plays more effectively, regain possession, and contribute to building attacks, thereby supporting the team's goal-scoring efforts."
Yeremi Pino,5.069067592457757,"['Sh', 'GA_inv', 'Dis']",3.0683786203820835,3.0399567271522514,"### Training Recommendations

1. **Shooting (Sh) Improvement:**
   - **Recommendation:** Implement targeted shooting drills that focus on accuracy and composure under pressure. This can include exercises like ""finishing under pressure,"" where Yeremi Pino receives the ball in the box with defenders closing in, requiring quick decision-making and precise shooting. Additionally, practice various shooting techniques such as volleys, chips, and curling shots to enhance versatility in front of goal.
   - **Reasoning:** As a forward, improving shooting accuracy and decision-making in the final third is crucial for converting chances into goals, directly impacting the team's goal-scoring performance.

2. **Game Awareness (GA_inv) Enhancement:**
   - **Recommendation:** Conduct situational awareness training sessions that simulate match scenarios, emphasizing off-the-ball movement and spatial awareness. Use video analysis to review match footage with Yeremi, highlighting moments where improved positioning could have led to better attacking opportunities. Encourage participation in small-sided games to enhance quick thinking and adaptability.
   - **Reasoning:** Enhanced game awareness will allow Yeremi to anticipate play developments better, position himself more effectively, and create or exploit goal-scoring opportunities, thus boosting the team's offensive output.

3. **Discipline (Dis) Development:**
   - **Recommendation:** Integrate mental conditioning sessions focusing on emotional control and decision-making under pressure. Role-play scenarios where Yeremi must maintain composure despite provocation or high-stakes situations. Additionally, incorporate mindfulness and concentration exercises to improve focus during matches.
   - **Reasoning:** Improved discipline will reduce unnecessary fouls and turnovers, maintaining attacking momentum and allowing the team to sustain pressure on the opposition, ultimately contributing to more consistent goal-scoring opportunities."
